{
  "maid": "HEHyPZs7dFuBcXKOwwOhyBLf6QY/CvxYFqleS/MfxpXeVA2+cm+hGwmb6O4XJyvl",
  "total_pings": 7297,
  "geohash": [
    "evg6fmu",
    "evg6fmv",
    "evg6fmy",
    "evg6fq5",
    "evg6fq7",
    "evg6fqe",
    "evg6fqg",
    "evg6fqh",
    "evg6fqj",
    "evg6fqk",
    "evg6fqm",
    "evg6fqn",
    "evg6fqq",
    "evg6fqr",
    "evg6fqt",
    "evg6fqu",
    "evg6fqv",
    "evg6fqw",
    "evg6fqx",
    "evg6fqy",
    "evg6fqz",
    "evg6frh",
    "evg6frj"
  ],
  "pings": [
    35,
    110,
    68,
    134,
    162,
    226,
    71,
    76,
    133,
    120,
    1072,
    82,
    114,
    15,
    2357,
    71,
    10,
    778,
    1308,
    96,
    95,
    79,
    85
  ],
  "unique_days": [
    1,
    1,
    1,
    1,
    3,
    3,
    1,
    1,
    2,
    2,
    1,
    1,
    1,
    1,
    2,
    1,
    1,
    2,
    2,
    1,
    1,
    1,
    1
  ],
  "span_days": [
    1,
    1,
    1,
    1,
    4,
    4,
    1,
    1,
    4,
    2,
    1,
    1,
    1,
    1,
    2,
    1,
    1,
    2,
    2,
    1,
    1,
    1,
    1
  ],
  "active_day_ratio": [
    0.016666666666666666,
    0.016666666666666666,
    0.016666666666666666,
    0.016666666666666666,
    0.1,
    0.1,
    0.016666666666666666,
    0.016666666666666666,
    0.06666666666666667,
    0.06666666666666667,
    0.016666666666666666,
    0.016666666666666666,
    0.016666666666666666,
    0.016666666666666666,
    0.06666666666666667,
    0.016666666666666666,
    0.016666666666666666,
    0.06666666666666667,
    0.06666666666666667,
    0.016666666666666666,
    0.016666666666666666,
    0.016666666666666666,
    0.016666666666666666
  ],
  "night_ratio": [
    1.0,
    1.0,
    1.0,
    1.0,
    0.9444444444444444,
    0.3230088495575221,
    0.0,
    1.0,
    1.0,
    0.9916666666666667,
    1.0,
    1.0,
    0.6578947368421053,
    0.0,
    0.3992363173525668,
    0.0,
    0.0,
    0.6863753213367609,
    0.7477064220183486,
    0.0,
    0.0,
    0.0,
    0.0
  ],
  "weekday_day_ratio": [
    0.0,
    0.0,
    0.0,
    0.0,
    0.0,
    0.0,
    0.0,
    0.0,
    0.0,
    0.0,
    0.0,
    0.0,
    0.0,
    0.0,
    0.010182435299109036,
    0.0,
    0.0,
    0.19151670951156813,
    0.077217125382263,
    0.0,
    0.0,
    0.0,
    0.0
  ],
  "weekend_ratio": [
    1.0,
    1.0,
    1.0,
    1.0,
    0.9444444444444444,
    0.3230088495575221,
    0.0,
    1.0,
    0.9624060150375939,
    0.9916666666666667,
    0.0,
    1.0,
    0.0,
    0.0,
    0.3992363173525668,
    0.0,
    0.0,
    0.6272493573264781,
    0.28363914373088683,
    0.0,
    0.0,
    0.0,
    0.0
  ],
  "midday_weekday_ratio": [
    0.0,
    0.0,
    0.0,
    0.0,
    0.0,
    0.0,
    0.0,
    0.0,
    0.0,
    0.0,
    0.0,
    0.0,
    0.0,
    0.0,
    0.0,
    0.0,
    0.0,
    0.0,
    0.0,
    0.0,
    0.0,
    0.0,
    0.0
  ],
  "evening_ratio": [
    0.0,
    0.0,
    0.0,
    0.0,
    0.05555555555555555,
    0.6769911504424779,
    1.0,
    0.0,
    0.0,
    0.008333333333333333,
    0.0,
    0.0,
    0.34210526315789475,
    1.0,
    0.5905812473483242,
    1.0,
    1.0,
    0.12210796915167095,
    0.17507645259938837,
    1.0,
    1.0,
    1.0,
    1.0
  ],
  "night_days_ratio": [
    1.0,
    1.0,
    1.0,
    1.0,
    0.3333333333333333,
    0.3333333333333333,
    0.0,
    1.0,
    1.0,
    0.5,
    1.0,
    1.0,
    1.0,
    0.0,
    0.5,
    0.0,
    0.0,
    1.0,
    1.0,
    0.0,
    0.0,
    0.0,
    0.0
  ],
  "weekday_work_days_ratio": [
    0.0,
    0.0,
    0.0,
    0.0,
    0.0,
    0.0,
    0.0,
    0.0,
    0.0,
    0.0,
    0.0,
    0.0,
    0.0,
    0.0,
    0.5,
    0.0,
    0.0,
    0.5,
    0.5,
    0.0,
    0.0,
    0.0,
    0.0
  ],
  "late_evening_days_ratio": [
    0.0,
    0.0,
    0.0,
    0.0,
    0.6666666666666666,
    0.6666666666666666,
    1.0,
    0.0,
    0.5,
    0.5,
    1.0,
    0.0,
    1.0,
    1.0,
    0.0,
    1.0,
    1.0,
    0.5,
    0.5,
    1.0,
    1.0,
    1.0,
    1.0
  ],
  "early_morning_days_ratio": [
    0.0,
    0.0,
    0.0,
    0.0,
    0.0,
    0.0,
    0.0,
    0.0,
    0.0,
    0.0,
    0.0,
    0.0,
    0.0,
    0.0,
    0.5,
    0.0,
    0.0,
    0.5,
    0.5,
    0.0,
    0.0,
    0.0,
    0.0
  ],
  "entropy_hour_norm": [
    -3.1468595372166726e-13,
    -3.1468595372166726e-13,
    -3.1468595372166726e-13,
    -3.1468595372166726e-13,
    0.06751275045297592,
    0.19795658256988194,
    -3.1468595372166726e-13,
    -3.1468595372166726e-13,
    0.05041476354840546,
    0.015164714429177193,
    -3.1468595372166726e-13,
    -3.1468595372166726e-13,
    0.20214321574405786,
    -3.1468595372166726e-13,
    0.2279117210410624,
    -3.1468595372166726e-13,
    -3.1468595372166726e-13,
    0.3625627031706153,
    0.38278659943672283,
    -3.1468595372166726e-13,
    -3.1468595372166726e-13,
    -3.1468595372166726e-13,
    -3.1468595372166726e-13
  ],
  "monthly_stability": [
    1.0,
    1.0,
    1.0,
    1.0,
    0.5031055900621119,
    0.5022222222222222,
    1.0,
    1.0,
    0.51953125,
    1.0,
    1.0,
    1.0,
    1.0,
    1.0,
    1.0,
    1.0,
    1.0,
    1.0,
    1.0,
    1.0,
    1.0,
    1.0,
    1.0
  ],
  "active_days_last_30d": [
    1,
    1,
    1,
    1,
    3,
    3,
    1,
    1,
    2,
    2,
    1,
    1,
    1,
    1,
    2,
    1,
    1,
    2,
    2,
    1,
    1,
    1,
    1
  ],
  "mean_time_diff_seconds": [
    1.0,
    1.0,
    1.0,
    1.0225563909774436,
    1190.4844720496894,
    851.9733333333334,
    1.0,
    6.88,
    1402.7348484848485,
    165.88235294117646,
    1.0,
    1.0,
    140.32743362831857,
    1.0,
    17.414685908319186,
    1.0,
    1.0,
    52.97940797940798,
    30.48967100229533,
    1.0,
    1.0,
    1.0,
    1.0
  ],
  "mean_geohash": [
    "evg6fmuz4s4m",
    "evg6fmvs8nfh",
    "evg6fmynpts2",
    "evg6fq5s3wth",
    "evg6fq7sbjrj",
    "evg6fqedshjh",
    "evg6fqgfks13",
    "evg6fqh3swsy",
    "evg6fqjt18xw",
    "evg6fqkedujz",
    "evg6fqmjv94c",
    "evg6fqn34k0z",
    "evg6fqqr1u74",
    "evg6fqrxys3n",
    "evg6fqtcn72u",
    "evg6fqunps4r",
    "evg6fqvzwhgv",
    "evg6fqw1xwg0",
    "evg6fqx9ttsv",
    "evg6fqyqx85r",
    "evg6fqz4vr4w",
    "evg6frh9ksb7",
    "evg6frj2w9fk"
  ],
  "std_geohash_m": [
    14.538913171870512,
    39.106727583104266,
    24.37219591414592,
    50.39050777243899,
    52.51698803348898,
    44.52663340272416,
    25.984653432049257,
    55.411054656459754,
    47.092530773019526,
    54.00644286419432,
    16.305008741676957,
    27.919590218339103,
    30.932766944429787,
    1.4726404370860846,
    8.744207762421247,
    22.86737314628111,
    5.980963692944091,
    42.67388372286694,
    34.69645367271182,
    39.175351977879814,
    34.77266802889084,
    25.27304078976066,
    33.30441980832001
  ],
  "est_duration": [
    1,
    2,
    1,
    2,
    43,
    45,
    1,
    8,
    2,
    2,
    18,
    1,
    2,
    0,
    45,
    1,
    0,
    50,
    22,
    2,
    1,
    1,
    2
  ],
  "flux_B": [
    35,
    110,
    68,
    134,
    162,
    226,
    71,
    76,
    133,
    120,
    1072,
    82,
    114,
    15,
    2357,
    71,
    10,
    778,
    1308,
    96,
    95,
    79,
    85
  ],
  "flux_C": [
    0,
    0,
    0,
    0,
    0,
    0,
    0,
    0,
    0,
    0,
    0,
    0,
    0,
    0,
    0,
    0,
    0,
    0,
    0,
    0,
    0,
    0,
    0
  ],
  "flux_D": [
    0,
    0,
    0,
    0,
    0,
    0,
    0,
    0,
    0,
    0,
    0,
    0,
    0,
    0,
    0,
    0,
    0,
    0,
    0,
    0,
    0,
    0,
    0
  ],
  "flux_E": [
    0,
    0,
    0,
    0,
    0,
    0,
    0,
    0,
    0,
    0,
    0,
    0,
    0,
    0,
    0,
    0,
    0,
    0,
    0,
    0,
    0,
    0,
    0
  ],
  "flux_F": [
    0,
    0,
    0,
    0,
    0,
    0,
    0,
    0,
    0,
    0,
    0,
    0,
    0,
    0,
    0,
    0,
    0,
    0,
    0,
    0,
    0,
    0,
    0
  ],